"","sampleID","Plot","Year","Genotype","Replicate","Derivation","Barcode","Date","RNAlater","Time","Temp..in.C","test1.exp","allP.exp","ratio.exp","exp.adjust","stress"
"1",499,82,2016,"B73","C","Q280bulk(greenhouse)","82_C_499","6/16/16","Yes","1:00-2:30 PM","32-34 C",17.34,27.39,1.57958477508651,11.8847945192278,15.5052054807722
"2",500,82,2016,"B73","D","Q280bulk(greenhouse)","82_D_500","6/16/16","Yes","1:00-2:30 PM","32-34 C",16.65,28.03,1.68348348348348,13.3265396287954,14.7034603712046
"3",510,86,2016,"Mo074","B","2015_86self","86_B_510","6/16/16","Yes","1:00-2:30 PM","32-34 C",15.89,28.43,1.78917558212712,14.8776908175204,13.5523091824796
"4",511,86,2016,"Mo074","C","2015_86self","86_C_511","6/16/16","Yes","1:00-2:30 PM","32-34 C",16.19,28.39,1.75355157504632,14.3399508082455,14.0500491917545
"5",512,86,2016,"Mo074","D","2015_86self","86_D_512","6/16/16","Yes ","1:00-2:30 PM","32-34 C",15.68,27.5,1.75382653061224,14.3440422149136,13.1559577850864
"6",521,87,2016,"Mo076","A","2015_87self","87_A_521","6/16/16","Yes","1:00-2:30 PM","32-34 C",14.28,28.01,1.96148459383754,17.432353202497,10.577646797503
"7",522,87,2016,"Mo076","B","2015_87self","87_B_522","6/16/16","Yes","1:00-2:30 PM","32-34 C",17.98,2.19,0.121802002224694,7.82333388689699,-5.63333388689699
"8",523,87,2016,"Mo076","C","2015_87self","87_C_523","6/16/16","Yes","1:00-2:30 PM","32-34 C",16.13,27.32,1.69373837569746,13.471568817741,13.8484311822591
"9",524,87,2016,"Mo076","D","2015_87self","87_D_524","6/16/16","Yes ","1:00-2:30 PM","32-34 C",16.08,27.23,1.69340796019901,13.4668810417159,13.7631189582841
"10",533,90,2016,"Mo077","A","2015_90self","90_A_533","6/16/16","Yes","1:00-2:30 PM","32-34 C",17.96,26.88,1.49665924276169,10.7561855326812,16.1238144673188
"11",534,90,2016,"Mo077","B","2015_90self","90_B_534","6/16/16","Yes","1:00-2:30 PM","32-34 C",17.04,27.51,1.61443661971831,12.36624301915,15.14375698085
"12",535,90,2016,"Mo077","C","2015_90self","90_C_535","6/16/16","Yes","1:00-2:30 PM","32-34 C",12.74,26.78,2.10204081632653,18.6374688279989,8.14253117200107
"13",536,90,2016,"Mo077","D","2015_90self","90_D_536","6/16/16","Yes ","1:00-2:30 PM","32-34 C",15.29,28.48,1.86265533028123,16.0172177185253,12.4627822814747
"14",545,91,2016,"Mo079","A","2015_91self","91_A_545","6/16/16","Yes","1:00-2:30 PM","32-34 C",15.61,24.3,1.55669442664958,11.5688343478959,12.7311656521041
"15",546,91,2016,"Mo079","B","2015_91self","91_B_546","6/16/16","Yes","1:00-2:30 PM","32-34 C",18.85,33.96,1.80159151193634,15.0684030420569,18.8915969579431
"16",547,91,2016,"Mo079","C","2015_91self","91_C_547","6/16/16","Yes","1:00-2:30 PM","32-34 C",15.04,25.7,1.70877659574468,13.6860705700207,12.0139294299793
"17",548,91,2016,"Mo079","D","2015_91self","91_D_548","6/16/16","Yes ","1:00-2:30 PM","32-34 C",14.65,29.66,2.02457337883959,18.1131790498234,11.5468209501766
"18",557,94,2016,"Mo262","A","2015_94self","94_A_557","6/16/16","Yes","1:00-2:30 PM","32-34 C",13.79,28.15,2.04133430021755,18.2553968407017,9.89460315929828
"19",558,94,2016,"Mo262","B","2015_94self","94_B_558","6/16/16","Yes","1:00-2:30 PM","32-34 C",16.38,27.98,1.70818070818071,13.677526347015,14.302473652985
"20",559,94,2016,"Mo262","C","2015_94self","94_C_559","6/16/16","Yes","1:00-2:30 PM","32-34 C",15.01,27.52,1.83344437041972,15.5628180772428,11.9571819227572
"21",560,94,2016,"Mo262","D","2015_94self","94_D_560","6/16/16","Yes ","1:00-2:30 PM","32-34 C",14.56,27.12,1.86263736263736,16.0169396736353,11.1030603263647
"22",569,95,2016,"Mo264","A","2015_95self","95_A_569","6/16/16","Yes","1:00-2:30 PM","32-34 C",16.88,26.92,1.59478672985782,12.0948193875563,14.8251806124437
"23",570,95,2016,"Mo264","B","2015_95self","95_B_570","6/16/16","Yes","1:00-2:30 PM","32-34 C",19.77,34.67,1.75366717248356,14.3416708112883,20.3283291887117
"24",571,95,2016,"Mo264","C","2015_95self","95_C_571","6/16/16","Yes","1:00-2:30 PM","32-34 C",17.07,27.45,1.60808435852373,12.2785006505117,15.1714993494883
"25",572,95,2016,"Mo264","D","2015_95self","95_D_572","6/16/16","Yes ","1:00-2:30 PM","32-34 C",17.36,27.7,1.59562211981567,12.1063597935789,15.5936402064211
"26",581,98,2016,"Mo265","A","2015_98self","98_A_581","6/16/16","Yes","1:00-2:30 PM","32-34 C",17.67,27.53,1.55800792303339,11.586937017212,15.943062982788
"27",582,98,2016,"Mo265","B","2015_98self","98_B_582","6/16/16","Yes","1:00-2:30 PM","32-34 C",16.05,28.5,1.77570093457944,14.6725325702728,13.8274674297272
"28",583,98,2016,"Mo265","C","2015_98self","98_C_583","6/16/16","Yes","1:00-2:30 PM","32-34 C",17.14,30.85,1.79988331388565,15.0420788268129,15.8079211731871
"29",584,98,2016,"Mo265","D","2015_98self","98_D_584","6/16/16","Yes ","1:00-2:30 PM","32-34 C",14.61,27.24,1.86447638603696,16.0453821570959,11.1946178429041
"30",593,99,2016,"Mo266","A","2015_99self","99_A_593","6/16/16","Yes","1:00-2:30 PM","32-34 C",13.6,25.7,1.88970588235294,16.4310356078722,9.26896439212785
"31",594,99,2016,"Mo266","B","2015_99self","99_B_594","6/16/16","Yes","1:00-2:30 PM","32-34 C",20.35,35.81,1.75970515970516,14.4317437446832,21.3782562553168
"32",595,99,2016,"Mo266","C","2015_99self","99_C_595","6/16/16","Yes","1:00-2:30 PM","32-34 C",16.69,26.16,1.56740563211504,11.7165839129534,14.4434160870466
"33",596,99,2016,"Mo266","D","2015_99self","99_D_596","6/16/16","Yes ","1:00-2:30 PM","32-34 C",15.63,26.26,1.68010236724248,13.2789206578998,12.9810793421002
"34",605,102,2016,"Mo267","A","2015_102self","102_A_605","6/16/16","Yes","1:00-2:30 PM","32-34 C",16.43,27.96,1.70176506390749,13.5857731480888,14.3742268519112
"35",606,102,2016,"Mo267","B","2015_102self","102_B_606","6/16/16","Yes","1:00-2:30 PM","32-34 C",15.72,27.65,1.7589058524173,14.4197937974848,13.2302062025152
"36",607,102,2016,"Mo267","C","2015_102self","102_C_607","6/16/16","Yes","1:00-2:30 PM","32-34 C",15.37,27.96,1.81912817176318,15.3399469899773,12.6200530100227
"37",608,102,2016,"Mo267","D","2015_102self","102_D_608","6/16/16","Yes ","1:00-2:30 PM","32-34 C",14.88,27.85,1.87163978494624,16.1558249183188,11.6941750816812
"38",617,103,2016,"Mo269","A","2015_103self","103_A_617","6/16/16","Yes","1:00-2:30 PM","32-34 C",15.75,29.69,1.88507936507937,16.3611037325558,13.3288962674442
"39",618,103,2016,"Mo269","B","2015_103self","103_B_618","6/16/16","Yes","1:00-2:30 PM","32-34 C",18.6,36.03,1.93709677419355,17.1138960698504,18.9161039301496
"40",619,103,2016,"Mo269","C","2015_103self","103_C_619","6/16/16","Yes","1:00-2:30 PM","32-34 C",16.56,26.63,1.60809178743961,12.2786032610452,14.3513967389548
"41",620,103,2016,"Mo269","D","2015_103self","103_D_620","6/16/16","Yes ","1:00-2:30 PM","32-34 C",16.01,26.71,1.6683322923173,13.1138322636677,13.5961677363323
"42",629,106,2016,"Mo272","A","2015_106self","106_A_629","6/16/16","Yes","1:00-2:30 PM","32-34 C",16.66,24.59,1.47599039615846,10.4901192903838,14.0998807096162
"43",630,106,2016,"Mo272","B","2015_106self","106_B_630","6/16/16","Yes","1:00-2:30 PM","32-34 C",16.84,23.9,1.41923990498812,9.82905159785981,14.0709484021402
"44",631,106,2016,"Mo272","C","2015_106self","106_C_631","6/16/16","Yes","1:00-2:30 PM","32-34 C",16.76,27.79,1.65811455847255,12.971254470068,14.818745529932
"45",632,106,2016,"Mo272","D","2015_106self","106_D_632","6/16/16","Yes ","1:00-2:30 PM","32-34 C",15.84,27.46,1.73358585858586,14.0453817791216,13.4146182208784
"46",641,107,2016,"Mo275","A","2011_61","107_A_641","6/16/16","Yes","1:00-2:30 PM","32-34 C",20.5,33.44,1.63121951219512,12.5981926003778,20.8418073996222
"47",642,107,2016,"Mo275","B","2011_62","107_B_642","6/16/16","Yes","1:00-2:30 PM","32-34 C",16.36,28.81,1.76100244498778,14.4511555481441,14.3588444518559
"48",643,107,2016,"Mo275","C","2011_63","107_C_643","6/16/16","Yes","1:00-2:30 PM","32-34 C",15.84,27.37,1.72790404040404,13.9624534840418,13.4075465159582
"49",644,107,2016,"Mo275","D","2011_64","107_D_644","6/16/16","Yes ","1:00-2:30 PM","32-34 C",15.62,26.32,1.68501920614597,13.3481996862594,12.9718003137406
"50",653,110,2016,"Mo276","A","2015_110self","110_A_653","6/16/16","Yes","1:00-2:30 PM","32-34 C",16.63,24.71,1.48586891160553,10.615975592872,14.094024407128
"51",654,110,2016,"Mo276","B","2015_110self","110_B_654","6/16/16","Yes","1:00-2:30 PM","32-34 C",15.25,27,1.77049180327869,14.5937783480257,12.4062216519743
"52",655,110,2016,"Mo276","C","2015_110self","110_C_655","6/16/16","Yes","1:00-2:30 PM","32-34 C",16.2,27.3,1.68518518518519,13.350541875006,13.9494581249941
"53",656,110,2016,"Mo276","D","2015_110self","110_D_656","6/16/16","Yes ","1:00-2:30 PM","32-34 C",15,25.46,1.69733333333333,13.5226398171957,11.9373601828043
"54",665,111,2016,"Mo281","A","2015_111self","111_A_665","6/16/16","Yes","1:00-2:30 PM","32-34 C",14.02,29.81,2.1262482168331,18.7388827271281,11.0711172728719
"55",666,111,2016,"Mo281","B","2015_111self","111_B_666","6/16/16","Yes","1:00-2:30 PM","32-34 C",19.4,33.99,1.7520618556701,14.3177998823777,19.6722001176223
"56",667,111,2016,"Mo281","C","2015_111self","111_C_667","6/16/16","Yes","1:00-2:30 PM","32-34 C",18.49,28.36,1.53380205516495,11.2546337127971,17.1053662872029
"57",668,111,2016,"Mo281","D","2015_111self","111_D_668","6/16/16","Yes ","1:00-2:30 PM","32-34 C",19.9,29.82,1.49849246231156,10.7802596473309,19.0397403526691
"58",677,114,2016,"Mo284","A","2015_114self","114_A_677","6/16/16","Yes","1:00-2:30 PM","32-34 C",16.93,27.61,1.63083284111045,12.5928444080476,15.0171555919524
"59",678,114,2016,"Mo284","B","2015_114self","114_B_678","6/16/16","Yes","1:00-2:30 PM","32-34 C",16.73,26.59,1.58936043036461,12.0198542948437,14.5701457051563
"60",679,114,2016,"Mo284","C","2015_114self","114_C_679","6/16/16","Yes","1:00-2:30 PM","32-34 C",16.35,26.07,1.59449541284404,12.0907949778149,13.9792050221851
"61",680,114,2016,"Mo284","D","2015_114self","114_D_680","6/16/16","Yes ","1:00-2:30 PM","32-34 C",16.25,28.2,1.73538461538462,14.0717172983477,14.1282827016523
"62",689,115,2016,"Mo287","A","2015_115self","115_A_689","6/16/16","Yes","1:00-2:30 PM","32-34 C",16.01,27.46,1.71517801374141,13.7781036319099,13.6818963680901
"63",690,115,2016,"Mo287","B","2015_115self","115_B_690","6/16/16","Yes","1:00-2:30 PM","32-34 C",21.92,36.01,1.64279197080292,12.7584143017903,23.2515856982097
"64",691,115,2016,"Mo287","C","2015_115self","115_C_691","6/16/16","Yes","1:00-2:30 PM","32-34 C",17.31,27.43,1.58463316002311,11.9545423914154,15.4754576085846
"65",692,115,2016,"Mo287","D","2015_115self","115_D_692","6/16/16","Yes ","1:00-2:30 PM","32-34 C",15.5,25.75,1.66129032258065,13.0155045150048,12.7344954849952
"66",701,118,2016,"Mo288","A","2015_118self","118_A_701","6/16/16","Yes","1:00-2:30 PM","32-34 C",13.58,23.53,1.73269513991163,14.0323554729617,9.49764452703826
"67",702,118,2016,"Mo288","B","2015_118self","118_B_702","6/16/16","Yes","1:00-2:30 PM","32-34 C",16.69,25.4,1.52186938286399,11.0924461182543,14.3075538817456
"68",703,118,2016,"Mo288","C","2015_118self","118_C_703","6/16/16","Yes","1:00-2:30 PM","32-34 C",15.28,26.27,1.71924083769634,13.8367532964497,12.4332467035502
"69",704,118,2016,"Mo288","D","2015_118self","118_D_704","6/16/16","Yes ","1:00-2:30 PM","32-34 C",15.21,26.32,1.73044049967127,13.9994257165942,12.3205742834058
"70",713,119,2016,"Mo296","A","2011_68","119_A_713","6/16/16","Yes","1:00-2:30 PM","32-34 C",15.49,28.91,1.86636539703034,16.0745624269298,12.8354375730702
"71",714,119,2016,"Mo296","B","2011_68","119_B_714","6/16/16","Yes","1:00-2:30 PM","32-34 C",20.64,32.13,1.55668604651163,11.5687188697504,20.5612811302496
"72",715,119,2016,"Mo296","C","2011_68","119_C_715","6/16/16","Yes","1:00-2:30 PM","32-34 C",17.36,28.09,1.61808755760369,12.4166788769474,15.6733211230526
"73",977,167,2016,"Mo364","A","2015_167self","167_A_977","6/16/16","Yes","1:00-2:30 PM","32-34 C",12.01,28.42,2.36636136552873,19.0328488595122,9.38715114048777
"74",978,167,2016,"Mo364","B","2015_167self","167_B_978","6/16/16","Yes","1:00-2:30 PM","32-34 C",16,24.34,1.52125,11.0840701918218,13.2559298081782
"75",979,167,2016,"Mo364","C","2015_167self","167_C_979","6/16/16","Yes","1:00-2:30 PM","32-34 C",15.13,23.49,1.55254461335096,11.511679754355,11.978320245645
"76",980,167,2016,"Mo364","D","2015_167self","167_D_980","6/16/16","Yes","1:00-2:30 PM","32-34 C",13.47,24.95,1.85226429101707,15.8559929993429,9.09400700065714
"77",1013,174,2016,"Mo369","A","2014_86","174_A_1013","6/16/16","Yes","1:00-2:30 PM","32-34 C",11.77,23.75,2.017841971113,18.0513768128594,5.69862318714057
"78",1014,174,2016,"Mo369","B","2014_86","174_B_1014","6/16/16","Yes","1:00-2:30 PM","32-34 C",15.36,28.14,1.83203125,15.5407945769917,12.5992054230083
"79",1015,174,2016,"Mo369","C","2014_86","174_C_1015","6/16/16","Yes","1:00-2:30 PM","32-34 C",16.34,25.31,1.54895960832313,11.4623591628399,13.8476408371601
"80",1016,174,2016,"Mo369","D","2014_86","174_D_1016","6/16/16","Yes","1:00-2:30 PM","32-34 C",17.26,25.46,1.47508690614137,10.4787402408903,14.9812597591097
"81",1027,175,2016,"Mo378","C","2015_175self","175_C_1027","6/16/16","Yes","1:00-2:30 PM","32-34 C",14.36,23.95,1.66782729805014,13.1067707755476,10.8432292244524
"82",1037,178,2016,"Mo379","A","2015_178self","178_A_1037","6/16/16","Yes","1:00-2:30 PM","32-34 C",16.57,27.84,1.68014484007242,13.2795182634077,14.5604817365923
"83",1038,178,2016,"Mo379","B","2015_178self","178_B_1038","6/16/16","Yes","1:00-2:30 PM","32-34 C",16.01,24.16,1.50905683947533,10.9202453447227,13.2397546552773
"84",1039,178,2016,"Mo379","C","2015_178self","178_C_1039","6/16/16","Yes","1:00-2:30 PM","32-34 C",14.76,24.53,1.66192411924119,13.0243422482246,11.5056577517754
"85",1040,178,2016,"Mo379","D","2015_178self","178_D_1040","6/16/16","Yes","1:00-2:30 PM","32-34 C",17.2,24.47,1.42267441860465,9.86554790449279,14.6044520955072
"86",1049,179,2016,"Mo382","A","2015_179self","179_A_1049","6/16/16","Yes","1:00-2:30 PM","32-34 C",13.39,25,1.86706497386109,16.0853594224251,8.9146405775749
"87",1050,179,2016,"Mo382","B","2015_179self","179_B_1050","6/16/16","Yes","1:00-2:30 PM","32-34 C",13.42,29.37,2.18852459016393,18.9042897781555,10.4657102218445
"88",1051,179,2016,"Mo382","C","2015_179self","179_C_1051","6/16/16","Yes","1:00-2:30 PM","32-34 C",14.86,25.35,1.70592193808883,13.645173186963,11.704826813037
"89",1052,179,2016,"Mo382","D","2015_179self","179_D_1052","6/16/16","Yes","1:00-2:30 PM","32-34 C",12.96,24.45,1.88657407407407,16.3837431931544,8.06625680684563
"90",1061,182,2016,"Mo383","A","2015_182self","182_A_1061","6/16/16","Yes","1:00-2:30 PM","32-34 C",19.23,24.81,1.29017160686427,8.81009352984642,15.9999064701536
"91",1062,182,2016,"Mo383","B","2015_182self","182_B_1062","6/16/16","Yes","1:00-2:30 PM","32-34 C",13.86,15.02,1.08369408369408,8.00337946723332,7.01662053276668
"92",1063,182,2016,"Mo383","C","2015_182self","182_C_1063","6/16/16","Yes","1:00-2:30 PM","32-34 C",13.18,24.13,1.83080424886191,15.5216742920805,8.60832570791948
"93",1064,182,2016,"Mo383","D","2015_182self","182_D_1064","6/16/16","Yes","1:00-2:30 PM","32-34 C",14.43,24.43,1.69300069300069,13.4611043454652,10.9688956545348
"94",1073,183,2016,"Mo384","A","2015_183self","183_A_1073","6/16/16","Yes","1:00-2:30 PM","32-34 C",11.86,28.85,2.43254637436762,19.0409511068468,9.80904889315319
"95",1074,183,2016,"Mo384","B","2015_183self","183_B_1074","6/16/16","Yes","1:00-2:30 PM","32-34 C",12.72,23.37,1.8372641509434,15.6223585881725,7.74764141182747
"96",1075,183,2016,"Mo384","C","2015_183self","183_C_1075","6/16/16","Yes","1:00-2:30 PM","32-34 C",11.58,25.34,2.18825561312608,18.9038023093833,6.43619769061675
"97",1076,183,2016,"Mo384","D","2015_183self","183_D_1076","6/16/16","Yes","1:00-2:30 PM","32-34 C",15.15,16.4,1.08250825082508,8.00099637701923,8.39900362298076
"98",1085,186,2016,"IBMB73","A","2015_186self","186_A_1085","6/16/16","Yes","1:00-2:30 PM","32-34 C",13.64,24.51,1.79692082111437,14.9964875438862,9.5135124561138
"99",1086,186,2016,"IBMB73","B","2015_186self","186_B_1086","6/16/16","Yes","1:00-2:30 PM","32-34 C",12.87,26,2.02020202020202,18.0733503081064,7.92664969189362
"100",1087,186,2016,"IBMB73","C","2015_186self","186_C_1087","6/16/16","Yes","1:00-2:30 PM","32-34 C",13.19,23.08,1.74981046247157,14.2843762644946,8.79562373550539
"101",1088,186,2016,"IBMB73","D","2015_186self","186_D_1088","6/16/16","Yes","1:00-2:30 PM","32-34 C",13.46,23.05,1.71248142644874,13.7392795874388,9.31072041256118
"102",1199,188,2016,"PH207","C","2015_223","188_C_1199","6/16/16","Yes","1:00-2:30 PM","32-34 C",11.71,25.09,2.14261315115286,18.7941526615524,6.29584733844757
"103",1200,188,2016,"PH207","D","2015_223","188_D_1200","6/16/16","Yes","1:00-2:30 PM","32-34 C",14.65,23.66,1.61501706484642,12.3742611355452,11.2857388644548
"104",1221,191,2016,"Mo17","A","O390","191_A_1221","6/16/16","Yes","1:00-2:30 PM","32-34 C",14.08,12.23,0.868607954545455,7.83531862094818,4.39468137905182
"105",1222,191,2016,"Mo17","B","O390","191_B_1222","6/16/16","Yes","1:00-2:30 PM","32-34 C",17.06,16.03,0.939624853458382,7.85379622533908,8.17620377466092
"106",1223,191,2016,"Mo17","C","O390","191_C_1223","6/16/16","Yes","1:00-2:30 PM","32-34 C",18.37,27.75,1.51061513336962,10.9410590518393,16.8089409481607
"107",1224,191,2016,"Mo17","D","O390","191_D_1224","6/16/16","Yes","1:00-2:30 PM","32-34 C",13.1,16.27,1.24198473282443,8.55895139300044,7.71104860699956
"108",1245,195,2016,"B73","A","2015_386self","195_A_1245","6/16/16","Yes","1:00-2:30 PM","32-34 C",14.89,24.03,1.61383478844862,12.3579296206757,11.6720703793243
"109",1246,195,2016,"B73","B","2015_386self","195_B_1246","6/16/16","Yes","1:00-2:30 PM","32-34 C",13.24,22.09,1.66842900302115,13.1151847875095,8.97481521249047
"110",1247,195,2016,"B73","C","2015_386self","195_C_1247","6/16/16","Yes","1:00-2:30 PM","32-34 C",13.81,23.25,1.68356263577118,13.3276555195795,9.92234448042051
"111",1248,195,2016,"B73","D","2015_386self","195_D_1248","6/16/16","Yes","1:00-2:30 PM","32-34 C",14.03,22.76,1.62223806129722,12.4740268842203,10.2859731157797
"112",1258,200,2016,"PH207xMo007","B","2015_5x6","200_B_1258","6/16/16","Yes","1:00-2:30 PM","32-34 C",14.21,24.57,1.72906403940887,13.979352368974,10.590647631026
"113",1259,200,2016,"PH207xMo007","C","2015_5x6","200_C_1259","6/16/16","Yes","1:00-2:30 PM","32-34 C",14.27,24.38,1.70847932725999,13.6818076626509,10.6981923373491
"114",1260,200,2016,"PH207xMo007","D","2015_5x6","200_D_1260","6/16/16","Yes","1:00-2:30 PM","32-34 C",13.98,24.41,1.74606580829757,14.2289247871269,10.1810752128731
"115",1275,201,2016,"PH207xMo010","C","2015_9x10","201_C_1275","6/21/16","No","1:00-1:30PM","29-31 C",14.71,22.63,1.53840924541128,11.3176072682339,11.3123927317661
"116",1281,202,2016,"PH207xMo012","A","2015_12x11","202_A_1281","6/16/16","Yes","1:00-2:30 PM","32-34 C",14.79,22.8,1.54158215010142,11.3610678935737,11.4389321064263
"117",1282,202,2016,"PH207xMo012","B","2015_12x11","202_B_1282","6/16/16","Yes","1:00-2:30 PM","32-34 C",14.51,22.88,1.57684355616816,11.8469249700668,11.0330750299332
"118",1283,202,2016,"PH207xMo012","C","2015_12x11","202_C_1283","6/16/16","Yes","1:00-2:30 PM","32-34 C",12.68,24.06,1.89747634069401,16.5474597174016,7.51254028259839
"119",1284,202,2016,"PH207xMo012","D","2015_12x11","202_D_1284","6/16/16","Yes","1:00-2:30 PM","32-34 C",16.59,23.35,1.40747438215793,9.70784027382987,13.6421597261701
"120",1293,203,2016,"PH207xMo014","A","2015_13x14","203_A_1293","6/16/16","Yes","1:00-2:30 PM","32-34 C",13.1,24.26,1.85190839694657,15.8504585905617,8.40954140943827
"121",1294,203,2016,"PH207xMo014","B","2015_13x14","203_B_1294","6/16/16","Yes","1:00-2:30 PM","32-34 C",14.88,23.17,1.55712365591398,11.5747494177226,11.5952505822774
"122",1295,203,2016,"PH207xMo014","C","2015_13x14","203_C_1295","6/16/16","Yes","1:00-2:30 PM","32-34 C",16.53,22.24,1.34543254688445,9.16804860445855,13.0719513955414
"123",1296,203,2016,"PH207xMo014","D","2015_13x14","203_D_1296","6/16/16","Yes","1:00-2:30 PM","32-34 C",10.72,23.19,2.16324626865672,18.8509259376179,4.33907406238215
"124",1305,204,2016,"PH207xMo015","A","2015_16x15","204_A_1305","6/16/16","Yes","1:00-2:30 PM","32-34 C",14.12,22.92,1.62322946175637,12.4877275014788,10.4322724985212
"125",1306,204,2016,"PH207xMo015","B","2015_16x15","204_B_1306","6/16/16","Yes","1:00-2:30 PM","32-34 C",13.85,13.23,0.955234657039711,7.86062824459251,5.36937175540749
"126",1307,204,2016,"PH207xMo015","C","2015_16x15","204_C_1307","6/16/16","Yes","1:00-2:30 PM","32-34 C",14.64,24,1.63934426229508,12.7106437987931,11.2893562012069
"127",1308,204,2016,"PH207xMo015","D","2015_16x15","204_D_1308","6/16/16","Yes","1:00-2:30 PM","32-34 C",13.85,23.14,1.67075812274368,13.1477767947958,9.9922232052042
"128",1317,205,2016,"PH207xMo016","A","2015_17x18","205_A_1317","6/16/16","Yes","1:00-2:30 PM","32-34 C",14.62,14.18,0.969904240766074,7.86838005204394,6.31161994795606
"129",1320,205,2016,"PH207xMo016","D","2015_17x18","205_D_1320","6/16/16","Yes","1:00-2:30 PM","32-34 C",21.62,30.67,1.41859389454209,9.82224247467212,20.8477575253279
"130",1329,206,2016,"PH207xMo017","A","2015_20x19","206_A_1329","6/16/16","Yes","1:00-2:30 PM","32-34 C",16.62,10.1,0.607701564380265,7.82370232995429,2.2762976700457
"131",1332,206,2016,"PH207xMo017","D","2015_20x19","206_D_1332","6/16/16","Yes","1:00-2:30 PM","32-34 C",12.66,16.79,1.326224328594,9.03257325453846,7.75742674546154
"132",1341,207,2016,"PH207XMo021","A","2015_21x22","207_A_1341","6/16/16","Yes","1:00-2:30 PM","32-34 C",17.89,31.73,1.77361654555618,14.6409811602661,17.0890188397339
"133",1342,207,2016,"PH207XMo021","B","2015_21x22","207_B_1342","6/16/16","Yes","1:00-2:30 PM","32-34 C",14.88,28.29,1.90120967741935,16.6028855310762,11.6871144689238
"134",1344,207,2016,"PH207XMo021","D","2015_21x22","207_D_1344","6/16/16","Yes","1:00-2:30 PM","32-34 C",16.36,28.93,1.76833740831296,14.5613019476804,14.3686980523196
"135",1353,208,2016,"PH207xMo023","A","2015_25x26","208_A_1353","6/16/16","Yes","1:00-2:30 PM","32-34 C",21.93,22.43,1.02279981760146,7.91101410198,14.51898589802
"136",1354,208,2016,"PH207xMo023","B","2015_25x26","208_B_1354","6/16/16","Yes","1:00-2:30 PM","32-34 C",15.77,28.77,1.82435003170577,15.4211592834417,13.3488407165583
"137",1355,208,2016,"PH207xMo023","C","2015_25x26","208_C_1355","6/16/16","Yes","1:00-2:30 PM","32-34 C",11.98,30.21,2.52170283806344,19.0449307936551,11.1650692063449
"138",1356,208,2016,"PH207xMo023","D","2015_25x26","208_D_1356","6/16/16","Yes","1:00-2:30 PM","32-34 C",17.22,13.4,0.778164924506388,7.82693435528811,5.57306564471189
"139",1378,210,2016,"PH207xMo027","B","2015_32x31","210_B_1378","6/16/16","Yes","1:00-2:30 PM","32-34 C",14.31,23.5,1.64220824598183,12.7503238188053,10.7496761811947
"140",1379,210,2016,"PH207xMo027","C","2015_32x31","210_C_1379","6/16/16","Yes","1:00-2:30 PM","32-34 C",17.52,30.63,1.74828767123288,14.2618053135016,16.3681946864984
"141",1380,210,2016,"PH207xMo027","D","2015_32x31","210_D_1380","6/16/16","Yes","1:00-2:30 PM","32-34 C",13.52,21.59,1.59689349112426,12.1239226757427,9.46607732425727
"142",1389,211,2016,"PH207xMo028","A","2015_33x34","211_A_1389","6/16/16","Yes","1:00-2:30 PM","32-34 C",17.08,25.89,1.51580796252927,11.0106896527137,14.8793103472863
"143",1390,211,2016,"PH207xMo028","B","2015_33x34","211_B_1390","6/16/16","Yes","1:00-2:30 PM","32-34 C",15.04,21.56,1.43351063829787,9.98389965122841,11.5761003487716
"144",1391,211,2016,"PH207xMo028","C","2015_33x34","211_C_1391","6/16/16","Yes","1:00-2:30 PM","32-34 C",20.45,27.16,1.3281173594132,9.04534442110196,18.114655578898
"145",1423,214,2016,"PH207xMo034","C","2015_45x46","214_C_1423","6/11/16","No","1:00-3:00 PM","30-34 C",14.37,3.14,0.218510786360473,7.82333535276756,-4.68333535276756
"146",1424,214,2016,"PH207xMo034","D","2015_45x46","214_D_1424","6/11/16","No","1:00-3:00 PM","30-34 C",12.68,29.41,2.31940063091483,19.0208753030758,10.3891246969242
"147",1426,214,2016,"PH207xMo034","B","2015_45x46","214_B_1426","6/16/16","Yes","1:00-2:30 PM","32-34 C",21.4,10.16,0.474766355140187,7.82339564071366,2.33660435928634
"148",1437,215,2016,"PH207xMo035","A","2015_48x47","215_A_1437","6/16/16","Yes","1:00-2:30 PM","32-34 C",20.17,30.34,1.50421417947447,10.8558239126828,19.4841760873172
"149",1440,215,2016,"PH207xMo035","D","2015_48x47","215_D_1440","6/16/16","Yes","1:00-2:30 PM","32-34 C",16.31,17.18,1.05334150827713,7.9501568082522,9.2298431917478
"150",1449,216,2016,"PH207xMo039","A","2015_49x50","216_A_1449","6/16/16","Yes","1:00-2:30 PM","32-34 C",12.49,18.81,1.50600480384307,10.8795969921043,7.93040300789572
"151",1450,216,2016,"PH207xMo039","B","2015_49x50","216_B_1450","6/16/16","Yes","1:00-2:30 PM","32-34 C",14.87,24.34,1.63685272360457,12.6761427214517,11.6638572785483
"152",1451,216,2016,"PH207xMo039","C","2015_49x50","216_C_1451","6/16/16","Yes","1:00-2:30 PM","32-34 C",13.38,28.93,2.16218236173393,18.8483140255286,10.0816859744714
"153",1452,216,2016,"PH207xMo039","D","2015_49x50","216_D_1452","6/16/16","Yes","1:00-2:30 PM","32-34 C",15.65,21.7,1.38658146964856,9.5074853537408,12.1925146462592
"154",1461,217,2016,"PH207xMo045","A","2015_57x58","217_A_1461","6/16/16","Yes","1:00-2:30 PM","32-34 C",12.59,27.62,2.19380460683082,18.9135449739305,8.70645502606954
"155",1462,217,2016,"PH207xMo045","B","2015_57x58","217_B_1462","6/16/16","Yes","1:00-2:30 PM","32-34 C",12.23,16.85,1.37775960752249,9.42865213701307,7.42134786298693
"156",1467,217,2016,"PH207xMo045","C","2015_57x58","217_C_1467","6/21/16","No","1:00-1:30PM","29-31 C",14.97,22.35,1.49298597194389,10.708160330954,11.641839669046
"157",1487,219,2016,"PH207xMo052","C","2015_65x66","219_C_1487","6/16/16","Yes","1:00-2:30 PM","32-34 C",14.58,20.88,1.4320987654321,9.96820867487458,10.9117913251254
"158",1488,219,2016,"PH207xMo052","D","2015_65x66","219_D_1488","6/16/16","Yes","1:00-2:30 PM","32-34 C",16.17,22.26,1.37662337662338,9.41874565567467,12.8412543443253
"159",1497,220,2016,"PH207xMo054","A","2015_68x67","220_A_1497","6/16/16","Yes","1:00-2:30 PM","32-34 C",14.84,14.57,0.981805929919138,7.87578022346517,6.69421977653483
"160",1498,220,2016,"PH207xMo054","B","2015_68x68","220_B_1498","6/16/16","Yes","1:00-2:30 PM","32-34 C",20.86,25.54,1.22435282837967,8.47647260726268,17.0635273927373
"161",1499,220,2016,"PH207xMo054","C","2015_68x69","220_C_1499","6/16/16","Yes","1:00-2:30 PM","32-34 C",18.9,21.5,1.13756613756614,8.14061932361382,13.3593806763862
"162",1500,220,2016,"PH207xMo054","D","2015_68x70","220_D_1500","6/16/16","Yes","1:00-2:30 PM","32-34 C",16.31,20.74,1.27161250766401,8.70828283803083,12.0317171619692
"163",1521,222,2016,"PH207xMo061","A","2015_77x78","222_A_1521","6/16/16","Yes","1:00-2:30 PM","32-34 C",13.39,18.69,1.39581777445855,9.59368823540011,9.09631176459989
"164",1523,222,2016,"PH207xMo061","C","2015_77x78","222_C_1523","6/16/16","Yes","1:00-2:30 PM","32-34 C",15.52,33.15,2.13595360824742,18.7728426041985,14.3771573958015
"165",1533,223,2016,"PH207xMo63","A","2015_80x79","223_A_1533","6/16/16","Yes","1:00-2:30 PM","32-34 C",21.94,22.73,1.03600729261623,7.92636599723631,14.8036340027637
"166",1536,223,2016,"PH207xMo63","D","2015_80x79","223_D_1536","6/16/16","Yes","1:00-2:30 PM","32-34 C",13.21,25.36,1.91975775927328,16.8724312239067,8.48756877609332
"167",1543,224,2016,"PH207xMo74","C","2015_85x86","224_C_1543","6/11/16","No","1:00-3:00 PM","30-34 C",12.84,19.15,1.49143302180685,10.687945471117,8.46205452888296
"168",1545,224,2016,"PH207xMo74","A","2015_85x86","224_A_1545","6/16/16","Yes","1:00-2:30 PM","32-34 C",23.1,28.27,1.22380952380952,8.47400134395258,19.7959986560474
"169",1546,224,2016,"PH207xMo74","B","2015_85x86","224_B_1546","6/16/16","Yes","1:00-2:30 PM","32-34 C",11.51,23.48,2.03996524761077,18.2444031645929,5.23559683540705
"170",1557,225,2016,"PH207xMo262","A","2015_93x94","225_A_1557","6/16/16","Yes","1:00-2:30 PM","32-34 C",20.3,29.63,1.45960591133005,10.287567213825,19.342432786175
"171",1558,225,2016,"PH207xMo262","B","2015_93x95","225_B_1558","6/16/16","Yes","1:00-2:30 PM","32-34 C",17.39,30.53,1.75560667050029,14.3705540318921,16.1594459681079
"172",1809,246,2016,"PH207xMo364","A","2015_168x167","246_A_1809","6/16/16","Yes","1:00-2:30 PM","32-34 C",16.61,26.28,1.58217940999398,11.92064121764,14.35935878236
"173",1810,246,2016,"PH207xMo364","B","2015_168x167","246_B_1810","6/16/16","Yes","1:00-2:30 PM","32-34 C",13.9,25.08,1.80431654676259,15.1104491619613,9.96955083803867
"174",1811,246,2016,"PH207xMo364","C","2015_168x167","246_C_1811","6/16/16","Yes","1:00-2:30 PM","32-34 C",17.3,27.72,1.60231213872832,12.1987722178878,15.5212277821122
"175",1812,246,2016,"PH207xMo364","D","2015_168x167","246_D_1812","6/16/16","Yes","1:00-2:30 PM","32-34 C",15.15,27.56,1.81914191419142,15.3401605513115,12.2198394486885
"176",1821,247,2016,"PH207xMo365","A","2015_169x170","247_A_1821","6/16/16","Yes","1:00-2:30 PM","32-34 C",17.21,28.18,1.63742010459035,12.6839979817827,15.4960020182173
"177",1823,247,2016,"PH207xMo365","C","2015_169x170","247_C_1823","6/16/16","Yes","1:00-2:30 PM","32-34 C",14.45,27.67,1.91487889273356,16.8025536927718,10.8674463072282
"178",1824,247,2016,"PH207xMo365","D","2015_169x170","247_D_1824","6/16/16","Yes","1:00-2:30 PM","32-34 C",15.94,27.8,1.74404015056462,14.1990016765454,13.6009983234546
"179",1845,249,2016,"PH207xMo383","A","2015_181x182","249_A_1845","6/16/16","Yes","1:00-2:30 PM","32-34 C",15.06,26.75,1.77622841965471,14.6805251913519,12.0694748086481
"180",1846,249,2016,"PH207xMo383","B","2015_181x182","249_B_1846","6/16/16","Yes","1:00-2:30 PM","32-34 C",15.2,27.46,1.80657894736842,15.1454033465488,12.3145966534512
"181",1847,249,2016,"PH207xMo383","C","2015_181x182","249_C_1847","6/16/16","Yes","1:00-2:30 PM","32-34 C",16.32,27.46,1.68259803921569,13.3140601662923,14.1459398337077
"182",1848,249,2016,"PH207xMo383","D","2015_181x182","249_D_1848","6/16/16","Yes","1:00-2:30 PM","32-34 C",14.4,25.25,1.75347222222222,14.3387701946972,10.9112298053028
